"count","title","sum"
6,"Graceland Dynamite",65
11,"Opus Ice",123
5,"Braveheart Human",73
9,"Wonderful Drop",120
31,"Rush Goodfellas",317
13,"Purple Movie",112
12,"Minority Kiss",86
7,"Luke Mummy",70
26,"Fantasy Troopers",300
14,"Grinch Massage",137
16,"Gaslight Crusade",185
13,"Microcosmos Paradise",143
13,"Saturn Name",157
13,"Memento Zoolander",158
8,"Sunset Racer",120
17,"Zoolander Fiction",141
18,"Carol Texas",152
20,"Stepmom Dream",250
13,"Arabia Dogma",213
20,"Minds Truman",204
16,"Baked Cleopatra",189
28,"Closer Bang",267
18,"Enough Raging",180
8,"Grosse Wonderful",124
26,"Innocent Usual",290
20,"Sleepless Monsoon",223
21,"Suit Walls",217
16,"Wizard Coldblooded",217
15,"Lonely Elephant",178
9,"Victory Academy",134
13,"Bedazzled Married",141
10,"Maker Gables",173
5,"Private Drop",87
15,"Worker Tarzan",177
8,"Gosford Donnie",86
9,"Drop Waterfront",98
22,"Annie Identity",259
7,"Lesson Cleopatra",68
16,"Wanda Chamber",208
9,"Dwarfs Alter",74
20,"Garden Island",257
16,"Graduate Lord",238
16,"Patriot Roman",239
19,"Novocaine Flight",169
15,"Necklace Outbreak",240
7,"Menagerie Rushmore",55
24,"Sleeping Suspects",247
14,"Uncut Suicides",129
17,"Midnight Westward",156
6,"Jersey Sassy",60
17,"Rock Instinct",182
8,"Magnificent Chitty",77
19,"Clones Pinocchio",182
18,"Insects Stone",240
28,"Giant Troopers",329
15,"Loser Hustler",162
23,"Heavyweights Beast",242
15,"Entrapment Satisfaction",118
18,"Core Suit",232
15,"Cyclone Family",183
15,"Cabin Flash",170
17,"Slacker Liaisons",170
14,"Jaws Harry",123
11,"Bowfinger Gables",100
26,"Fellowship Autumn",268
9,"Birdcage Casper",129
13,"Forever Candidate",123
12,"Dangerous Uptown",156
9,"Guys Falcon",97
6,"Warlock Werewolf",55
27,"None Spiking",287
20,"Bringing Hysterical",250
22,"Haunting Pianist",253
21,"Agent Truman",338
16,"Motions Details",139
13,"Tenenbaums Command",167
8,"Tarzan Videotape",78
20,"Secrets Paradise",226
25,"Double Wrath",208
11,"Birch Antitrust",159
29,"Greatest North",303
7,"Sense Greek",90
18,"Secretary Rouge",184
27,"Invasion Cyclone",337
9,"Daughter Madigan",94
22,"Congeniality Quest",229
21,"Crossroads Casualties",184
19,"Canyon Stock",198
11,"Reef Salute",97
17,"French Holiday",213
30,"Rugrats Shakespeare",282
21,"Highball Potter",212
15,"Translation Summer",216
8,"Papi Necklace",38
12,"Tycoon Gathering",164
20,"Peak Forever",246
12,"Loverboy Attacks",95
19,"Earring Instinct",253
15,"Ship Wonderland",133
18,"Rouge Squad",203
7,"Clue Grail",47
22,"Wonderland Christmas",281
12,"Finding Anaconda",131
11,"Thin Sagebrush",106
15,"Nash Chocolat",248
14,"Wrath Mile",194
18,"Forrest Sons",170
8,"Harold French",71
16,"Pure Runner",157
14,"Turn Star",236
15,"Anthem Luke",86
30,"Witches Panic",332
7,"Duffel Apocalypse",57
15,"Shrek License",147
14,"Impossible Prejudice",124
18,"Heaven Freedom",221
14,"Peach Innocent",133
9,"Frisco Forrest",105
9,"Reds Pocus",149
19,"Music Boondock",256
13,"Chisum Behavior",189
22,"Volcano Texas",209
16,"Daisy Menagerie",175
12,"Lost Bird",110
17,"Conversation Downhill",196
9,"Caribbean Liberty",94
10,"Lambs Cincinatti",153
25,"Escape Metropolis",307
6,"Dumbo Lust",80
7,"Pizza Jumanji",35
25,"Hills Neighbors",275
27,"Chance Resurrection",334
23,"Truman Crazy",333
18,"Candidate Perdition",159
13,"Spiking Element",166
22,"Fight Jawbreaker",227
31,"Apache Divine",399
8,"Shining Roses",73
7,"Ishtar Rocketeer",91
20,"Flying Hook",242
6,"Desperate Trainspotting",54
14,"Greedy Roots",212
27,"Forrester Comancheros",272
15,"Dirty Ace",184
25,"Trading Pinocchio",222
10,"Paths Control",149
30,"Graffiti Love",414
10,"Amelie Hellfighters",109
16,"Pickup Driving",255
7,"Panic Club",93
9,"Crazy Home",104
32,"Forward Temple",343
8,"Vertigo Northwest",112
17,"Jericho Mulan",173
12,"Gunfighter Mussolini",178
13,"Bilko Anonymous",195
20,"Spice Sorority",239
22,"Blade Polish",221
12,"Massage Image",119
14,"Home Pity",141
18,"Boulevard Mob",186
20,"Dalmations Sweden",223
5,"Hunter Alter",71
31,"Zorro Ark",316
16,"Silence Kane",239
17,"Taxi Kick",273
21,"Resurrection Silverado",214
30,"Suspects Quills",321
21,"Dracula Crystal",267
20,"Harper Dying",268
6,"Simon North",107
8,"Chitty Lock",120
21,"Vacation Boondock",293
8,"Ballroom Mockingbird",76
9,"Legally Secretary",97
18,"Barefoot Manchurian",202
7,"Cruelty Unforgiven",88
18,"Smoking Barbarella",205
8,"Soldiers Evolution",131
31,"Robbers Joon",368
25,"Telemark Heartbreakers",305
26,"Westward Seabiscuit",282
20,"Million Ace",259
14,"Notorious Reunion",152
9,"Ali Forever",93
25,"Coneheads Smoochy",282
11,"Bird Independence",120
20,"Intrigue Worst",254
17,"Mask Peach",237
15,"Scissorhands Slums",189
15,"Boiled Dares",117
17,"Majestic Floats",178
13,"Past Suicides",209
20,"Masked Bubble",225
16,"Bull Shawshank",185
16,"Reap Unfaithful",196
24,"Gunfight Moon",302
16,"Sagebrush Clueless",213
11,"Beethoven Exorcist",101
16,"Lock Rear",167
15,"Vietnam Smoochy",160
13,"Breaking Home",209
8,"Runaway Tenenbaums",111
22,"Head Stranger",250
7,"Ace Goldfinger",43
20,"Quest Mussolini",241
27,"Dancing Fever",288
14,"Image Princess",185
23,"Fool Mockingbird",243
15,"Panther Reds",101
17,"Holocaust Highball",219
13,"Bright Encounters",157
12,"Adaptation Holes",177
21,"Deceiver Betrayed",176
10,"Antitrust Tomatoes",64
28,"Fatal Haunted",304
15,"Sons Interview",157
23,"Yentl Idaho",262
15,"Modern Dorado",93
9,"Monsoon Cause",58
19,"Rage Games",186
16,"Uprising Uptown",180
24,"Jason Trap",328
15,"Sweet Brotherhood",136
8,"Crusade Honey",94
24,"Arachnophobia Rollercoaster",291
7,"Stallion Sundance",117
16,"Creatures Shakespeare",150
23,"Easy Gladiator",260
9,"Snatchers Montezuma",109
30,"Shock Cabin",264
26,"Island Exorcist",240
12,"Liberty Magnificent",172
24,"Seattle Expecations",223
25,"Gun Bonnie",272
12,"Alabama Devil",89
4,"Train Bunch",32
13,"Identity Lover",113
8,"Clyde Theory",82
14,"Troopers Metal",150
27,"Primary Glass",399
21,"Excitement Eve",261
23,"Affair Prejudice",196
19,"Fury Murder",214
9,"Impact Aladdin",63
14,"Deep Crusade",86
15,"Sierra Divide",191
20,"Dinosaur Secretary",212
5,"Freedom Cleopatra",65
15,"Mosquito Armageddon",107
9,"Jungle Closer",114
16,"Indian Love",159
14,"Glass Dying",140
12,"Born Spinal",156
10,"Life Twisted",77
17,"Greek Everyone",188
30,"Massacre Usual",337
20,"Kissing Dolls",279
12,"Meet Chocolate",126
27,"Dorado Notting",343
29,"Titans Jerk",307
19,"Hanging Deep",276
25,"Streetcar Intentions",285
4,"Hardly Robbers",40
12,"War Notting",153
9,"Diary Panic",24
18,"Instinct Airport",198
17,"Bikini Borrowers",230
8,"Rebel Airport",28
23,"Flamingos Connecticut",287
13,"Cincinatti Whisperer",163
11,"Trainspotting Strangers",84
26,"Pelican Comforts",321
14,"Madre Gables",121
11,"Lord Arizona",134
11,"Feathers Metal",136
13,"Hook Chariots",150
18,"Groove Fiction",259
12,"Window Side",118
12,"Silverado Goldfinger",133
5,"Mannequin Worst",47
16,"Willow Tracy",213
13,"Natural Stock",172
23,"Karate Moon",246
28,"Roses Treasure",343
10,"Jawbreaker Brooklyn",136
18,"Racer Egg",267
4,"Mixed Doors",18
17,"Potter Connecticut",236
12,"Mighty Luck",163
21,"Sabrina Midnight",279
19,"Roxanne Rebel",190
21,"Fidelity Devil",183
25,"Madness Attacks",294
5,"Mussolini Spoilers",50
21,"Star Operation",153
9,"Vanilla Day",22
5,"Bunch Minds",12
29,"Sweethearts Suspects",299
9,"Won Dares",122
24,"Lola Agent",226
20,"Reunion Witches",243
19,"Encino Elf",178
8,"Unfaithful Kill",75
22,"Hustler Party",281
15,"Spirit Flintstones",209
10,"Rollercoaster Bringing",118
19,"Details Packer",223
21,"Pianist Outfield",225
10,"Luck Opus",129
30,"Butterfly Chocolat",391
25,"Mallrats United",276
8,"Desire Alien",107
22,"Queen Luke",297
5,"Glory Tracy",30
24,"Bound Cheaper",308
23,"Academy Dinosaur",228
19,"Igby Maker",193
23,"Gentlemen Stage",250
18,"Pollock Deliverance",199
21,"Sleuth Orient",219
7,"Cowboy Doom",105
20,"Prejudice Oleander",187
15,"Odds Boogie",154
23,"Freddy Storm",226
12,"Valentine Vanishing",106
25,"Show Lord",320
29,"Confidential Interview",268
21,"Armageddon Lost",176
10,"Grail Frankenstein",119
15,"Edge Kissing",187
26,"Half Outfield",270
20,"Love Suicides",228
5,"Seven Swarm",68
25,"Oscar Gold",178
27,"Lies Treatment",285
20,"Chocolat Harry",213
23,"Wind Phantom",250
16,"Casablanca Super",242
9,"Random Go",104
7,"Newsies Story",81
7,"Leathernecks Dwarfs",102
24,"Knock Warlock",298
14,"Pajama Jawbreaker",204
17,"Joon Northwest",189
10,"Stage World",173
22,"American Circus",273
17,"Rear Trading",224
15,"Siege Madre",145
22,"Angels Life",285
23,"Crooked Frogmen",305
13,"Jingle Sagebrush",163
20,"Tramp Others",120
16,"Artist Coldblooded",193
21,"Beverly Outlaw",237
21,"Doom Dancing",236
15,"Hunting Musketeers",106
19,"Mine Titans",146
15,"Rings Heartbreakers",157
8,"Lights Deer",82
19,"Mars Roman",245
13,"Champion Flatliners",174
12,"Temple Attraction",150
11,"Dragon Squad",141
24,"Roman Punk",279
16,"Moulin Wake",120
19,"Fiction Christmas",234
27,"Princess Giant",294
21,"Empire Malkovich",192
25,"Fish Opus",345
6,"Tequila Past",92
11,"Theory Mermaid",139
33,"Rocketeer Mother",337
15,"Divine Resurrection",156
15,"Manchurian Curtain",196
8,"Casper Dragonfly",78
13,"Mulan Moon",136
17,"Newton Labyrinth",209
6,"Bubble Grosse",74
21,"Berets Agent",217
21,"Lebowski Soldiers",263
14,"Searchers Wait",196
12,"Uptown Young",202
22,"South Wait",299
24,"Center Dinosaur",166
9,"Spartacus Cheaper",130
24,"Wedding Apollo",322
17,"Perfect Groove",215
18,"Dawn Pond",173
11,"Ties Hunger",126
17,"Satisfaction Confidential",186
9,"Speed Suit",112
10,"Halloween Nuts",110
7,"Vision Torque",106
27,"Blackout Private",242
11,"Iron Moon",184
16,"Bonnie Holocaust",247
26,"Coma Head",164
19,"Disciple Mother",141
18,"Vanishing Rocky",119
14,"Paris Weekend",160
19,"Bill Others",272
12,"Mob Duffel",154
28,"Expendable Stallion",376
23,"Patton Interview",340
19,"Club Graffiti",214
22,"Alien Center",226
18,"Jade Bunch",202
31,"Network Peak",396
23,"Name Detective",187
20,"Outfield Massacre",245
6,"Watership Frontier",55
19,"Trojan Tomorrow",153
6,"Apocalypse Flamingos",81
30,"Cat Coneheads",272
16,"Varsity Trip",204
24,"Strangelove Desire",328
17,"Egypt Tenenbaums",142
21,"Pirates Roxanne",223
7,"Divorce Shining",65
12,"Vampire Whale",123
24,"Oz Liaisons",276
9,"Ghostbusters Elf",90
5,"Traffic Hobbit",70
18,"Whale Bikini",217
9,"Nuts Ties",97
13,"Moonwalker Fool",175
20,"Cheaper Clyde",261
16,"Watch Tracy",149
15,"Lust Lock",154
13,"Citizen Shrek",104
16,"Command Darling",180
20,"Heartbreakers Bright",244
19,"Patient Sister",197
23,"Outbreak Divine",247
6,"Bed Highball",103
19,"Requiem Tycoon",210
19,"National Story",187
16,"Jeepers Wedding",175
11,"Frida Slipper",118
21,"Mourning Purple",224
11,"Language Cowboy",94
19,"Doors President",158
25,"Barbarella Streetcar",157
8,"Hoosiers Birdcage",91
14,"Blindness Gun",145
22,"Maltese Hope",254
13,"Chamber Italian",133
14,"Tomatoes Hellfighters",148
16,"Army Flintstones",158
29,"Moon Bunch",392
18,"Wonka Sea",162
12,"Hedwig Alter",114
19,"Honey Ties",130
24,"Hurricane Affair",274
25,"Nightmare Chill",378
9,"Matrix Snowman",50
24,"Shootist Superfly",263
26,"Hanky October",343
17,"Orient Closer",166
13,"Lawrence Love",179
12,"Flight Lies",119
13,"Usual Untouchables",103
7,"Squad Fish",49
22,"Shakespeare Saddle",255
25,"Shepherd Midsummer",306
9,"Wisdom Worker",102
12,"African Egg",94
29,"Family Sweet",297
21,"Wait Cider",277
11,"October Submarine",106
8,"World Leathernecks",86
19,"Encounters Curtain",275
12,"California Birds",173
21,"Brooklyn Desert",278
22,"Dream Pickup",207
6,"Phantom Glory",83
21,"Arizona Bang",295
22,"Midsummer Groundhog",307
26,"Alaska Phantom",244
14,"Stampede Disturbing",133
24,"Attraction Newton",253
23,"Earth Vision",163
27,"Telegraph Voyage",335
25,"Clueless Bucket",220
9,"King Evolution",110
16,"Hall Cassidy",159
24,"Slums Duck",292
19,"Desert Poseidon",164
19,"Bride Intrigue",202
27,"Wardrobe Phantom",336
27,"Gangs Pride",254
14,"Games Bowfinger",123
10,"Sensibility Rear",162
16,"Pluto Oleander",178
22,"Homicide Peach",297
20,"Kick Savannah",241
6,"Ladybugs Armageddon",90
11,"Darko Dorado",116
18,"Lion Uncut",187
14,"Creepers Kane",137
10,"Superfly Trip",88
11,"Song Hedwig",116
7,"President Bang",65
27,"Loathing Legally",332
20,"Northwest Polish",233
28,"Gilmore Boiled",357
26,"Tracy Cider",342
7,"Doctor Grail",100
10,"Wars Pluto",98
8,"Jumanji Blade",132
17,"Noon Papi",226
11,"Drumline Cyclone",204
7,"Bang Kwai",54
26,"Disturbing Scarface",335
7,"Vanished Garden",40
13,"Robbery Bright",146
9,"Dolls Rage",55
22,"Borrowers Bedazzled",322
15,"Tootsie Pilot",173
27,"Spy Mile",346
16,"Destiny Saturday",240
27,"Operation Operation",395
16,"Homeward Cider",235
18,"Galaxy Sweethearts",180
12,"Sorority Queen",172
18,"Groundhog Uncut",166
11,"Santa Paris",136
12,"Pittsburgh Hunchback",180
26,"Hyde Doctor",318
21,"Open African",251
18,"Jacket Frisco",146
8,"Untouchables Sunrise",74
17,"Sugar Wonka",152
30,"English Bulworth",361
29,"Videotape Arsenic",362
22,"Chill Luck",228
22,"Packer Madigan",218
26,"Metropolis Coma",359
21,"Chainsaw Uptown",228
21,"Divide Monster",235
17,"Roots Remember",187
11,"Autumn Crow",163
30,"Frost Head",255
8,"Saints Bride",106
13,"Lucky Flying",50
16,"Caddyshack Jedi",141
18,"Airport Pollock",88
6,"Happiness United",46
13,"Express Lonely",129
13,"Date Speed",162
19,"Thief Pelican",269
21,"Moonshine Cabin",249
15,"Submarine Bed",232
7,"Clerks Angels",78
18,"Unforgiven Zoolander",193
21,"Amadeus Holy",218
17,"Musketeers Wait",190
26,"Malkovich Pet",353
7,"Heavenly Gun",118
8,"Chaplin License",91
9,"Anything Savannah",110
10,"Elizabeth Shane",146
14,"Outlaw Hanky",137
21,"Blues Instinct",269
24,"Maiden Home",200
27,"Torque Bound",272
15,"Airplane Sierra",226
18,"Weekend Personal",230
14,"Werewolf Lola",200
20,"Hellfighters Sierra",289
34,"Bucket Brotherhood",419
6,"School Jacket",75
22,"Bear Graceland",250
17,"Strangers Graffiti",103
9,"Zhivago Core",131
18,"Inch Jet",217
18,"Driver Annie",231
22,"Tourist Pelican",287
10,"Beneath Rush",131
31,"Goodfellas Salute",267
16,"Conquerer Nuts",228
18,"Polish Brooklyn",184
7,"Elf Murder",109
6,"Japanese Run",32
26,"Stagecoach Armageddon",312
17,"Hanover Galaxy",221
6,"Italian African",105
21,"Amistad Midsummer",169
17,"League Hellfighters",223
5,"Fever Empire",64
28,"Trip Newton",401
20,"Reign Gentlemen",219
22,"Flatliners Killer",256
13,"Spinal Rocky",122
7,"Early Home",85
10,"Clockwork Paradise",131
20,"Jet Neighbors",189
17,"Breakfast Goldfinger",280
24,"Sunrise League",285
18,"Paradise Sabrina",238
12,"Speakeasy Date",157
23,"Wash Heavenly",252
26,"Tights Dawn",286
19,"Backlash Undefeated",178
22,"Sea Virgin",217
9,"Legend Jedi",145
7,"Control Anthem",89
19,"Cider Desire",182
11,"Prix Undefeated",124
13,"Behavior Runaway",121
14,"Dances None",138
25,"Downhill Enough",263
24,"Fargo Gandhi",278
17,"Gandhi Kwai",201
10,"Fiddler Lost",115
16,"Rules Human",170
13,"Super Wyoming",154
23,"Aladdin Calendar",211
7,"Magic Mallrats",77
13,"Exorcist Sting",162
30,"Harry Idaho",335
21,"Basic Easy",257
6,"Cassidy Wyoming",35
24,"Orange Grapes",282
26,"Contact Anonymous",297
14,"Kane Exorcist",157
18,"Sweden Shining",188
18,"Mission Zoolander",200
18,"Alone Trip",270
15,"Model Fish",154
6,"Youth Kick",127
14,"Town Ark",162
9,"Darling Breaking",102
12,"Crow Grease",158
25,"Sun Confessions",295
14,"Day Unfaithful",136
16,"Pilot Hoosiers",237
23,"Philadelphia Wife",280
15,"Holes Brannigan",124
31,"Wife Turn",453
15,"Valley Packer",201
16,"Coldblooded Darling",166
27,"Horror Reign",357
24,"Color Philadelphia",156
22,"Banger Pinocchio",259
16,"Streak Ridgemont",205
23,"Steel Santa",287
7,"Bulworth Commandments",32
17,"Teen Apollo",266
19,"Neighbors Charade",259
16,"Trap Guys",225
29,"Boogie Amelie",321
32,"Grit Clockwork",392
6,"Haunted Antitrust",41
22,"Eagles Panky",191
14,"Shane Darkness",128
25,"Effect Gladiator",358
11,"Stone Fire",91
7,"Young Language",100
23,"Candles Grapes",293
18,"Darn Forrester",214
9,"Hotel Happiness",80
21,"Splendor Patton",185
24,"Alamo Videotape",285
13,"Hunger Roof",120
19,"Independence Hotel",188
15,"Hysterical Grail",199
16,"Mermaid Insects",124
21,"Unbreakable Karate",225
12,"Brannigan Sunrise",167
22,"High Encino",294
14,"Hamlet Wisdom",153
27,"Lose Inch",345
15,"Devil Desire",180
13,"Everyone Craft",153
14,"Virtual Spoilers",139
20,"Hunchback Impossible",197
10,"Run Pacific",118
13,"Connecticut Tramp",195
24,"Ice Crossing",228
13,"Daddy Pittsburgh",101
15,"Betrayed Rear",161
17,"Factory Dragon",198
14,"Analyze Hoosiers",162
25,"Working Microcosmos",285
17,"Flintstones Happiness",187
11,"Mod Secretary",112
17,"Ferris Mother",242
7,"Fire Wolves",92
17,"Lawless Vision",194
14,"Splash Gump",167
6,"Comancheros Enemy",35
24,"Jumping Wrath",331
19,"Shawshank Bubble",216
17,"Waterfront Deliverance",245
19,"Voice Peach",229
14,"Personal Ladybugs",172
20,"Wrong Behavior",238
21,"Cause Date",214
11,"Bugsy Song",177
9,"Montezuma Command",75
27,"Curtain Videotape",243
16,"Worst Banger",185
15,"Holiday Games",156
21,"Fireball Philadelphia",271
7,"Eve Resurrection",26
19,"Gables Metropolis",208
29,"Talented Homicide",389
16,"Words Hunter",98
8,"Records Zorro",110
10,"Element Freddy",134
11,"Spirited Casualties",110
21,"Egg Igby",255
26,"Seabiscuit Punk",266
11,"Magnolia Forrester",126
23,"Cupboard Sinners",249
13,"Tuxedo Mile",127
17,"Beach Heartbreakers",194
15,"Human Graffiti",174
17,"Louisiana Harry",264
14,"Donnie Alley",177
26,"Pity Bound",283
19,"Something Duck",226
12,"Evolution Alter",125
13,"Flash Wars",184
7,"Treatment Jekyll",89
18,"Hope Tootsie",225
26,"Pocus Pulp",335
23,"Trouble Date",282
28,"Voyage Legally",347
14,"Alley Evolution",141
13,"Hollywood Anonymous",173
21,"Coast Rainbow",248
16,"Mummy Creatures",172
20,"Room Roman",198
6,"Frontier Cabin",74
9,"Casualties Encino",94
7,"Dozen Lion",91
26,"Velvet Terminator",208
20,"Money Harold",198
6,"Sling Luke",91
24,"Pacific Amistad",233
19,"Eyes Driving",243
15,"Wasteland Divine",233
9,"Dares Pluto",128
29,"Gleaming Jawbreaker",331
19,"Fantasia Park",213
11,"Beast Hunchback",121
28,"Saturday Lambs",242
9,"Kramer Chocolate",121
20,"Pinocchio Simon",184
9,"Maguire Apache",107
21,"Wolves Desire",243
13,"Wyoming Storm",169
23,"Carrie Bunch",314
10,"Jeopardy Encino",113
15,"Labyrinth League",225
32,"Juggler Hardly",316
26,"Brotherhood Blanket",336
17,"Poseidon Forever",238
6,"Texas Watch",48
23,"Women Dorado",212
23,"Strictly Scarface",248
15,"Charade Duffel",179
16,"Summer Scarface",174
10,"Lolita World",149
13,"Mile Mulan",142
18,"Cleopatra Devil",232
16,"Rocky War",163
22,"Kiss Glory",313
16,"Pride Alamo",134
19,"Jedi Beneath",228
32,"Ridgemont Submarine",306
20,"Redemption Comforts",287
21,"Chariots Conspiracy",240
5,"Informer Double",70
18,"Scarface Bang",209
23,"Titanic Boondock",307
20,"Interview Liaisons",202
12,"Smoochy Control",126
8,"Runner Madigan",94
15,"Steers Armageddon",208
27,"Range Moonwalker",310
18,"Remember Diary",198
6,"Wild Apollo",99
20,"Go Purple",218
17,"Jekyll Frogmen",216
8,"Pet Haunting",116
13,"Opposite Necklace",140
32,"Scalawag Duck",349
29,"Enemy Odds",334
27,"Camelot Vacation",329
15,"Illusion Amelie",166
29,"Bingo Talented",286
11,"Twisted Pirates",166
14,"Gold River",124
9,"Miracle Virtual",75
16,"Dude Blindness",183
21,"Undefeated Dalmations",281
23,"Kwai Homeward",320
19,"Campus Remember",182
20,"Insider Arizona",241
8,"Baby Hall",73
20,"Jerk Paycheck",237
6,"Killer Innocent",68
13,"Sassy Packer",231
21,"Sleepy Japanese",218
12,"Blanket Beverly",105
9,"Platoon Instinct",107
22,"Chicken Hellfighters",246
30,"Pulp Beverly",292
16,"Quills Bull",215
14,"Shrunk Divine",196
18,"Dragonfly Strangers",137
17,"Lady Stage",260
17,"Virgin Daisy",172
19,"Gorgeous Bingo",191
29,"Storm Happiness",361
14,"Stock Glass",166
22,"Sinners Atlantis",184
13,"Monterey Labyrinth",164
19,"Hours Rage",174
21,"Driving Polish",229
21,"Grease Youth",264
16,"West Lion",134
21,"Ghost Groundhog",210
22,"Snatch Slipper",278
24,"Horn Working",261
14,"Lovely Jingle",231
7,"Hawk Chill",73
6,"Terminator Club",46
6,"Rushmore Mermaid",39
29,"Deer Virginian",310
22,"Alter Victory",154
13,"Darkness War",177
14,"Mother Oleander",119
22,"Falcon Volume",217
14,"Shanghai Tycoon",218
16,"Attacks Hate",183
16,"Paycheck Wait",217
11,"Rider Caddyshack",168
24,"Drifter Commandments",336
27,"Swarm Gold",371
30,"Married Go",399
21,"Badman Dawn",194
7,"License Weekend",110
17,"United Pilot",186
23,"Scorpion Apollo",260
24,"Atlantis Cause",280
31,"Timberland Sky",368
25,"Feud Frogmen",222
10,"Reservoir Adaptation",151
24,"Celebrity Horn",276
10,"Mystic Truman",114
9,"Holy Tadpole",124
20,"Straight Hours",252
27,"Goldmine Tycoon",306
8,"Punk Divorce",152
6,"Oklahoma Jumanji",31
6,"Extraordinary Conquerer",49
8,"Godfather Diary",130
22,"Liaisons Sweet",202
20,"Chasing Fight",194
23,"Others Soup",255
10,"Wagon Jaws",79
31,"Hobbit Alien",397
13,"Anonymous Human",115
10,"Gone Trouble",98
25,"Metal Armageddon",245
22,"Grapes Fury",251
24,"Goldfinger Sensibility",367
21,"Sting Personal",158
22,"Whisperer Giant",277
16,"Craft Outfield",189
30,"Dogma Family",387
11,"Cranes Reservoir",65
23,"Salute Apollo",279
10,"Frogmen Breaking",80
10,"Spoilers Hellfighters",77
11,"Towers Hurricane",143
11,"Potluck Mixed",119
17,"Intentions Empire",181
9,"Gilbert Pelican",114
26,"Durham Panky",246
10,"Blood Argonauts",108
17,"Comforts Rush",137
27,"Movie Shakespeare",270
23,"House Dynamite",210
14,"Saddle Antitrust",64
10,"Madigan Dorado",93
24,"Caper Motions",340
15,"Panky Submarine",213
12,"Side Ark",92
11,"Stranger Strangers",98
13,"Raging Airplane",169
14,"Confessions Maguire",253
15,"Monster Spartacus",219
7,"Connection Microcosmos",48
28,"Handicap Boondock",304
6,"Duck Racer",52
15,"Madison Trap",126
13,"State Wasteland",120
17,"Confused Candles",172
30,"Muscle Bright",299
10,"Hollow Jeopardy",139
25,"Clash Freddy",303
14,"Elephant Trojan",128
19,"Sundance Invasion",215
30,"Idols Snatchers",326
23,"Snowman Rollercoaster",291
5,"Conspiracy Spirit",47
17,"Freaky Pocus",161
8,"Soup Wisdom",104
10,"Notting Speakeasy",95
28,"Story Side",391
11,"Ending Crowds",89
7,"Mulholland Beast",47
21,"Calendar Gunfight",290
18,"Birds Perdition",240
8,"Destination Jerk",78
10,"Smile Earring",116
8,"Maude Mod",106
13,"Party Knock",134
17,"Dying Maker",174
11,"Fugitive Maguire",148
25,"Tomorrow Hustler",298
10,"Doubtfire Labyrinth",52
5,"Full Flatliners",42
8,"Park Citizen",112
12,"Savannah Town",205
25,"Dynamite Tarzan",259
29,"Virginian Pluto",339
18,"Expecations Natural",190
11,"North Tequila",111
10,"Oleander Clue",127
21,"Anaconda Confessions",191
16,"Chicago North",192
15,"Circus Youth",144
21,"Secret Groundhog",250
23,"Murder Antitrust",297
14,"Nemo Campus",113
22,"Beauty Grease",297
16,"Slipper Fidelity",207
19,"Road Roxanne",259
10,"Right Cranes",93
9,"Intolerable Intentions",115
20,"River Outlaw",230
17,"Idaho Love",202
27,"Detective Vision",373
23,"Balloon Homeward",318
21,"Christmas Moonshine",268
10,"Lover Truman",76
24,"Mockingbird Hollywood",247
11,"Gathering Calendar",163
13,"Drums Dynamite",121
25,"Samurai Lion",335
19,"Pond Seattle",222
